Geno,Rna,Mg,FS_mean,FS_std,FS_std_cutoff
xxxxx,125,0.1,0.0689177642,0.03325292304653908,0.05
xxxxx,250,0.1,0.1075577674,0.038764251847785286,0.05
xxxxx,500,0.1,0.13355108580000002,0.0655797030631108,0.0655797030631108
xxxxx,1000,0.1,0.20614946839999998,0.10609324047177077,0.10609324047177077
xxxxx,2000,0.1,0.3136531924,0.10973862597492622,0.10973862597492622
xxxxx,4000,0.1,0.46334734419999996,0.1261827825458206,0.1261827825458206
xxxxx,125,1.0,0.25050765825,0.03929392951552389,0.05
xxxxx,250,1.0,0.36022240475,0.0379817796401672,0.05
xxxxx,500,1.0,0.5517305645,0.036683306028289744,0.05
xxxxx,1000,1.0,0.737695813,0.040847090815489866,0.05
xxxxx,2000,1.0,0.8751529515,0.018090035166233233,0.05
xxxxx,4000,1.0,0.923646724,0.025500050704087788,0.05
xxxxx,125,10.0,0.26484182300000003,0.021178771679503335,0.05
xxxxx,250,10.0,0.4522448085,0.020247837577647334,0.05
xxxxx,500,10.0,0.7645866445,0.0034526045493392388,0.05
xxxxx,1000,10.0,0.93156354575,0.006255438187214159,0.05
xxxxx,2000,10.0,0.9668825507500001,0.00605807303763336,0.05
xxxxx,4000,10.0,0.9770801705,0.008144068643364399,0.05
xxxxx,125,100.0,0.24769201175000002,0.0181809114189061,0.05
xxxxx,250,100.0,0.459197739,0.03504137287911941,0.05
xxxxx,500,100.0,0.8189058764999999,0.008430106022843673,0.05
xxxxx,1000,100.0,0.9548218494999999,0.005157600026814935,0.05
xxxxx,2000,100.0,0.9700917902499999,0.0062740649160631665,0.05
xxxxx,4000,100.0,0.98008298075,0.008976537606215336,0.05
xCxxx,125,0.1,-0.021665026,0.0,0.05
xCxxx,250,0.1,0.081693426,0.0,0.05
xCxxx,500,0.1,0.074837638,0.0,0.05
xCxxx,1000,0.1,0.066610113,0.0,0.05
xCxxx,2000,0.1,0.047906747,0.0,0.05
xCxxx,4000,0.1,0.042056282,0.0,0.05
xCxxx,125,1.0,0.053445951,0.0,0.05
xCxxx,250,1.0,0.05878696025,0.020789082818488087,0.05
xCxxx,500,1.0,0.06228928575,0.020749198828943022,0.05
xCxxx,1000,1.0,0.05590131425,0.012944994457803798,0.05
xCxxx,2000,1.0,0.07242991600000001,0.010788545010650852,0.05
xCxxx,4000,1.0,0.09455577700000001,0.007579150933267655,0.05
xCxxx,8000,1.0,0.14890343633333333,0.0075942177997534045,0.05
xCxxx,125,10.0,0.066899085,0.0,0.05
xCxxx,250,10.0,0.0579623188,0.020129908568649147,0.05
xCxxx,500,10.0,0.069847502,0.03670174224299386,0.05
xCxxx,1000,10.0,0.08536738479999999,0.04385824224804128,0.05
xCxxx,2000,10.0,0.09608367120000001,0.03190544849568694,0.05
xCxxx,4000,10.0,0.15699358940000002,0.02318450393024212,0.05
xCxxx,8000,10.0,0.24555162825000001,0.05927607522937416,0.05927607522937416
xCxxx,125,100.0,0.029719731,0.0,0.05
xCxxx,250,100.0,0.0443857504,0.030888908277260704,0.05
xCxxx,500,100.0,0.03856283440000001,0.019825687749319462,0.05
xCxxx,1000,100.0,0.08387646039999999,0.028467801644496832,0.05
xCxxx,2000,100.0,0.15905252340000003,0.04160610013580015,0.05
xCxxx,4000,100.0,0.2642756754,0.03066840135742528,0.05
xCxxx,8000,100.0,0.42320701024999996,0.0031742760679248166,0.05
xxAxx,125,0.1,-0.024578793,0.0,0.05
xxAxx,250,0.1,0.043150473,0.0,0.05
xxAxx,500,0.1,0.060912006,0.0,0.05
xxAxx,1000,0.1,0.035035667,0.0,0.05
xxAxx,2000,0.1,0.007915327,0.0,0.05
xxAxx,4000,0.1,0.038607996,0.0,0.05
xxAxx,125,1.0,0.09334190049999999,0.006285584090504261,0.05
xxAxx,250,1.0,0.08252047233333333,0.014136341829135975,0.05
xxAxx,500,1.0,0.099897242,0.005277178093436455,0.05
xxAxx,1000,1.0,0.06547066533333333,0.03003054427950968,0.05
xxAxx,2000,1.0,0.09697867866666665,0.04313506965887551,0.05
xxAxx,4000,1.0,0.13879280333333333,0.046745590479235336,0.05
xxAxx,8000,1.0,0.161741496,0.0,0.05
xxAxx,125,10.0,0.080097109,0.06890027444836044,0.06890027444836044
xxAxx,250,10.0,0.0975590795,0.06766248878341609,0.06766248878341609
xxAxx,500,10.0,0.12904963625000002,0.03834295040839431,0.05
xxAxx,1000,10.0,0.14981182725,0.0587638069358151,0.0587638069358151
xxAxx,2000,10.0,0.22404171,0.07205458479073099,0.07205458479073099
xxAxx,4000,10.0,0.3437283685,0.05958204596756881,0.05958204596756881
xxAxx,8000,10.0,0.4959224075,0.009863512620613841,0.05
xxAxx,125,100.0,0.0434299415,0.007822536695108585,0.05
xxAxx,250,100.0,0.059082459749999997,0.014550088812328405,0.05
xxAxx,500,100.0,0.090437503,0.00768099727223691,0.05
xxAxx,1000,100.0,0.11965117375,0.020494664125099794,0.05
xxAxx,2000,100.0,0.20355087625,0.03626773116767747,0.05
xxAxx,4000,100.0,0.3570911865,0.037306902103991214,0.05
xxAxx,8000,100.0,0.5632964364999999,0.02707505853469893,0.05
Uxxxx,125,0.1,0.103595491,0.0005908094586649734,0.05
Uxxxx,250,0.1,0.089201397,0.04740537035125908,0.05
Uxxxx,500,0.1,0.1455651135,0.01350635033208731,0.05
Uxxxx,1000,0.1,0.161148339,0.028721927660901887,0.05
Uxxxx,2000,0.1,0.1536445115,0.024143893941943165,0.05
Uxxxx,4000,0.1,0.1899660125,0.02760186756132376,0.05
Uxxxx,125,1.0,0.1960253095,0.008751191901394183,0.05
Uxxxx,250,1.0,0.23959029525000003,0.03868912488746336,0.05
Uxxxx,500,1.0,0.30244422875,0.02791132987196611,0.05
Uxxxx,1000,1.0,0.432928504,0.09666265405152821,0.09666265405152821
Uxxxx,2000,1.0,0.57031415,0.08446998710033762,0.08446998710033762
Uxxxx,4000,1.0,0.6883281865,0.08024460793689236,0.08024460793689236
Uxxxx,8000,1.0,0.7417361769999999,0.005171359847447037,0.05
Uxxxx,125,10.0,0.2851410045,0.006724996142780183,0.05
Uxxxx,250,10.0,0.4940943855,0.04405092027374282,0.05
Uxxxx,500,10.0,0.7604157355,0.007662252962229339,0.05
Uxxxx,1000,10.0,0.91284969175,0.002425633770201954,0.05
Uxxxx,2000,10.0,0.96120555475,0.004466311546496004,0.05
Uxxxx,4000,10.0,0.9776934177500001,0.004210557426720839,0.05
Uxxxx,8000,10.0,0.9854561835,0.004542011680963433,0.05
Uxxxx,125,100.0,0.3166402435,0.01681588488785814,0.05
Uxxxx,250,100.0,0.512756356,0.02074610565315357,0.05
Uxxxx,500,100.0,0.826471481,0.04554088781917546,0.05
Uxxxx,1000,100.0,0.95596635875,0.008248486233730073,0.05
Uxxxx,2000,100.0,0.97842498525,0.0025281667180141777,0.05
Uxxxx,4000,100.0,0.98208347175,0.007736558762152399,0.05
Uxxxx,8000,100.0,0.988989822,0.001969282878478322,0.05
xxxGx,125,0.1,0.056275192249999995,0.021956187678243446,0.05
xxxGx,250,0.1,0.068811021,0.025457214231123303,0.05
xxxGx,500,0.1,0.071300076,0.033858359843810956,0.05
xxxGx,1000,0.1,0.07097957525000001,0.08138630142023606,0.08138630142023606
xxxGx,2000,0.1,0.06599637125,0.0307741343705654,0.05
xxxGx,4000,0.1,0.11998201375,0.0347931181162934,0.05
xxxGx,125,1.0,0.09564198733333333,0.02783739512904491,0.05
xxxGx,250,1.0,0.12450244516666666,0.014080943555282981,0.05
xxxGx,500,1.0,0.12615935183333335,0.0336974934058493,0.05
xxxGx,1000,1.0,0.12160915383333333,0.03395190611341991,0.05
xxxGx,2000,1.0,0.17521515483333336,0.025964248861206022,0.05
xxxGx,4000,1.0,0.1969649271666666,0.03255107250817345,0.05
xxxGx,125,10.0,0.20876707350000004,0.015449828944401861,0.05
xxxGx,250,10.0,0.3099626755,0.026033095482673022,0.05
xxxGx,500,10.0,0.4869897226666666,0.03165740869059859,0.05
xxxGx,1000,10.0,0.6684035818333333,0.031893995188091585,0.05
xxxGx,2000,10.0,0.8229709991666665,0.02203441685134133,0.05
xxxGx,4000,10.0,0.8947066145,0.014864392916056636,0.05
xxxGx,125,100.0,0.2364609915,0.0270629350602931,0.05
xxxGx,250,100.0,0.42023929116666675,0.02271488674239252,0.05
xxxGx,500,100.0,0.6941277655000001,0.03290738424889658,0.05
xxxGx,1000,100.0,0.8768858513333334,0.013461017138238275,0.05
xxxGx,2000,100.0,0.9455510458333335,0.00531913006225088,0.05
xxxGx,4000,100.0,0.9658509643333333,0.0022197737452804914,0.05
xCxGx,125,0.1,0.08457302650000001,0.0034066731612117317,0.05
xCxGx,250,0.1,0.1058922345,0.003000395240884613,0.05
xCxGx,500,0.1,0.107566666,0.01630790498556247,0.05
xCxGx,1000,0.1,0.141837462,0.01694381704725654,0.05
xCxGx,2000,0.1,0.160896569,0.007629329314275619,0.05
xCxGx,4000,0.1,0.15438209,0.009669103196520404,0.05
xCxGx,125,1.0,0.12639077724999997,0.014833139154316043,0.05
xCxGx,250,1.0,0.18291826049999999,0.030652907411421286,0.05
xCxGx,500,1.0,0.241794366,0.02543704355558442,0.05
xCxGx,1000,1.0,0.347192132,0.039890984208644106,0.05
xCxGx,2000,1.0,0.5396678447500001,0.024029990455153978,0.05
xCxGx,4000,1.0,0.66446031075,0.07419136763086188,0.07419136763086188
xCxGx,125,10.0,0.17794251079999998,0.012990296348656567,0.05
xCxGx,250,10.0,0.2792561276,0.05075174653976298,0.05075174653976298
xCxGx,500,10.0,0.431188199,0.07458632745629266,0.07458632745629266
xCxGx,1000,10.0,0.6776698554,0.08212157482313305,0.08212157482313305
xCxGx,2000,10.0,0.9013481560000001,0.0430825208317217,0.05
xCxGx,4000,10.0,0.9607252835999999,0.015798654192136635,0.05
xCxGx,125,100.0,0.15967087400000002,0.03859293732615365,0.05
xCxGx,250,100.0,0.2793087746,0.03209128529096276,0.05
xCxGx,500,100.0,0.44500100800000003,0.0485506058532049,0.05
xCxGx,1000,100.0,0.7321826031999998,0.07206476614927154,0.07206476614927154
xCxGx,2000,100.0,0.9363611918,0.03996951239636491,0.05
xCxGx,4000,100.0,0.9758173085999999,0.004545689018942068,0.05
xxAGx,125,0.1,0.030487341,0.0,0.05
xxAGx,250,0.1,0.058036071,0.0,0.05
xxAGx,500,0.1,0.080170397,0.0,0.05
xxAGx,1000,0.1,0.070650017,0.0,0.05
xxAGx,2000,0.1,0.036972421,0.0,0.05
xxAGx,4000,0.1,0.056114963,0.0,0.05
xxAGx,125,1.0,0.08153993,0.0,0.05
xxAGx,250,1.0,0.061780421333333335,0.008378875148084275,0.05
xxAGx,500,1.0,0.06394077199999999,0.0253866726298748,0.05
xxAGx,1000,1.0,0.03638318433333333,0.008679261124873905,0.05
xxAGx,2000,1.0,0.04863736533333334,0.03989691364033309,0.05
xxAGx,4000,1.0,0.06768287466666667,0.036108453649705295,0.05
xxAGx,8000,1.0,0.11253273,0.031762776103097815,0.05
xxAGx,125,10.0,0.013758125,0.0,0.05
xxAGx,250,10.0,0.04765639375,0.048075110437983314,0.05
xxAGx,500,10.0,0.062258498999999995,0.032007103382130454,0.05
xxAGx,1000,10.0,0.059677773249999996,0.05712837221855746,0.05712837221855746
xxAGx,2000,10.0,0.06334626374999999,0.01656453846326963,0.05
xxAGx,4000,10.0,0.11208263550000001,0.0439462505847949,0.05
xxAGx,8000,10.0,0.1327759513333333,0.006366990736121571,0.05
xxAGx,125,100.0,0.047323392,0.0,0.05
xxAGx,250,100.0,-0.0077441655,0.032798817837536166,0.05
xxAGx,500,100.0,0.0246441965,0.04284136135219343,0.05
xxAGx,1000,100.0,0.035863066,0.023994606945364712,0.05
xxAGx,2000,100.0,0.05216466425,0.008242388091738198,0.05
xxAGx,4000,100.0,0.09941079750000001,0.007931237562004647,0.05
xxAGx,8000,100.0,0.139185194,0.00794283418946788,0.05
UxxGx,125,0.1,0.0391129895,0.04529141677437799,0.05
UxxGx,250,0.1,0.07308233099999999,0.041086877872761274,0.05
UxxGx,500,0.1,0.062387882,0.0475180691238049,0.05
UxxGx,1000,0.1,0.082092525,0.05496112099252864,0.05496112099252864
UxxGx,2000,0.1,0.13228714,0.014246845353593197,0.05
UxxGx,4000,0.1,0.136013979,0.019983279848806403,0.05
UxxGx,125,1.0,0.041928029,0.0,0.05
UxxGx,250,1.0,0.07492452125,0.010763876291575112,0.05
UxxGx,500,1.0,0.094729018,0.018080440406518027,0.05
UxxGx,1000,1.0,0.1013326775,0.033203064986531465,0.05
UxxGx,2000,1.0,0.09230821975,0.050423821819150075,0.050423821819150075
UxxGx,4000,1.0,0.123911251,0.04478403624700243,0.05
UxxGx,8000,1.0,0.136217091,0.03021466962113442,0.05
UxxGx,125,10.0,0.147807594,0.0,0.05
UxxGx,250,10.0,0.16354252375,0.012786122794115146,0.05
UxxGx,500,10.0,0.21154751975,0.02713059844569481,0.05
UxxGx,1000,10.0,0.30448613625,0.024090139712805922,0.05
UxxGx,2000,10.0,0.40717615,0.06336901662831455,0.06336901662831455
UxxGx,4000,10.0,0.58743692525,0.03839254937846607,0.05
UxxGx,8000,10.0,0.690782821,0.022103176950891437,0.05
UxxGx,125,100.0,0.15897842,0.0,0.05
UxxGx,250,100.0,0.1994911925,0.015013977686059164,0.05
UxxGx,500,100.0,0.3547315185,0.026458389408131628,0.05
UxxGx,1000,100.0,0.5666667665,0.0370728747306171,0.05
UxxGx,2000,100.0,0.7730106165,0.037262945720820055,0.05
UxxGx,4000,100.0,0.889941203,0.012895103569101743,0.05
UxxGx,8000,100.0,0.9320109949999998,0.004670801913748988,0.05
